{"cameraMode":{"drawMode":0,"name":"Shaded","section":"Shading Mode"},"sceneLighting":true,"audioPlay":false,"sceneViewState":{"m_AlwaysRefresh":false,"showFog":true,"showSkybox":true,"showFlares":true,"showImageEffects":true,"showParticleSystems":true,"showVisualEffectGraphs":true,"m_FxEnabled":false},"in2DMode":false,"pivot":{"x":-6.112378120422363,"y":0.9667075276374817,"z":89.9183349609375},"rotation":{"x":0.004325273912400007,"y":-0.02460872195661068,"z":-0.0004390253161545843,"w":-0.999703049659729},"size":10.408536911010743,"orthographic":false}