{"cameraMode":{"drawMode":0,"name":"Shaded","section":"Shading Mode"},"sceneLighting":true,"audioPlay":false,"sceneViewState":{"m_AlwaysRefresh":false,"showFog":true,"showSkybox":true,"showFlares":true,"showImageEffects":true,"showParticleSystems":true,"showVisualEffectGraphs":true,"m_FxEnabled":false},"in2DMode":false,"pivot":{"x":-14.029480934143067,"y":-1.586052417755127,"z":-0.8842921257019043},"rotation":{"x":-0.20832772552967072,"y":0.050655413419008258,"z":-0.011141623370349408,"w":-0.9767032861709595},"size":3.5874202251434328,"orthographic":false}