{"cameraMode":{"drawMode":0,"name":"Shaded","section":"Shading Mode"},"sceneLighting":true,"audioPlay":false,"sceneViewState":{"m_AlwaysRefresh":false,"showFog":true,"showSkybox":true,"showFlares":true,"showImageEffects":true,"showParticleSystems":true,"showVisualEffectGraphs":true,"m_FxEnabled":false},"in2DMode":false,"pivot":{"x":-16.253318786621095,"y":-0.07588279247283936,"z":3.282419204711914},"rotation":{"x":-0.1019887700676918,"y":0.0008487500599585474,"z":-0.00042103356099687517,"w":-0.99480140209198},"size":1.8585517406463624,"orthographic":false}