{"cameraMode":{"drawMode":0,"name":"Shaded","section":"Shading Mode"},"sceneLighting":true,"audioPlay":false,"sceneViewState":{"m_AlwaysRefresh":false,"showFog":true,"showSkybox":true,"showFlares":true,"showImageEffects":true,"showParticleSystems":true,"showVisualEffectGraphs":true,"m_FxEnabled":false},"in2DMode":false,"pivot":{"x":-18.630905151367189,"y":-2.5511045455932619,"z":-0.48054933547973635},"rotation":{"x":-0.32270270586013796,"y":0.08999595046043396,"z":-0.031185869127511979,"w":-0.9417195916175842},"size":7.2242279052734379,"orthographic":false}