{"cameraMode":{"drawMode":0,"name":"Shaded","section":"Shading Mode"},"sceneLighting":true,"audioPlay":false,"sceneViewState":{"m_AlwaysRefresh":false,"showFog":true,"showSkybox":true,"showFlares":true,"showImageEffects":true,"showParticleSystems":true,"showVisualEffectGraphs":true,"m_FxEnabled":true},"in2DMode":false,"pivot":{"x":-22.27104377746582,"y":2.557162284851074,"z":-1.090280532836914},"rotation":{"x":0.3483498990535736,"y":-0.000004330845058575505,"z":0.000001361590989290562,"w":0.9373652338981628},"size":8.976729393005371,"orthographic":false}