{"cameraMode":{"drawMode":0,"name":"Shaded","section":"Shading Mode"},"sceneLighting":true,"audioPlay":false,"sceneViewState":{"m_AlwaysRefresh":false,"showFog":true,"showSkybox":true,"showFlares":true,"showImageEffects":true,"showParticleSystems":true,"showVisualEffectGraphs":true,"m_FxEnabled":true},"in2DMode":false,"pivot":{"x":-13.482588768005371,"y":0.3223550319671631,"z":-6.694525718688965},"rotation":{"x":0.34113001823425295,"y":0.14813674986362458,"z":-0.05416688323020935,"w":0.9266966581344605},"size":1.5055420398712159,"orthographic":false}