{"cameraMode":{"drawMode":0,"name":"Shaded","section":"Shading Mode"},"sceneLighting":true,"audioPlay":false,"sceneViewState":{"m_AlwaysRefresh":false,"showFog":true,"showSkybox":true,"showFlares":true,"showImageEffects":true,"showParticleSystems":true,"showVisualEffectGraphs":true,"m_FxEnabled":false},"in2DMode":false,"pivot":{"x":-7.915196895599365,"y":2.1484363079071047,"z":90.05177307128906},"rotation":{"x":-0.012164589948952198,"y":0.0008832229068502784,"z":-0.00034039802267216146,"w":-0.9999441504478455},"size":5.997445583343506,"orthographic":false}